No.,Name of Diagnosing Facility,Date of Birth,Age,Sex,Civil Status,Nationality?,Chest X-ray at Case Notification,Tuberculin skin test,Xpert MTB/RIF,Smear Microscopy,Tuberculosis Culture,Date of Diagnosis,Date of Notification,Diagnosis,Bacteriologic Status,Case Registration Group,Drug Resistance Bacteriological Status,Height,Weight,Blood Pressure,Heart Rate,Respiratory Rate,Temperature,O2 Sat,Prior History of TB,Name of Treatment Unit,Treatment Regimen ,Outcome,Date of Outcome,Co-morbidities,Treatment Start Date,Regimen Type at Start of Treatment,Regimen Type at 6th month of treatment,Regimen Type at End of Treatment,DAT-supported,Intensive Phase Start Date,Intensive Phase End Date,Continuation Phase Start Date,Continuation Phase End Date,Month 0,Unnamed: 41,Unnamed: 42,Unnamed: 43,Unnamed: 44,Unnamed: 45,Unnamed: 46,Unnamed: 47,Month 1,Unnamed: 49,Unnamed: 50,Unnamed: 51,Unnamed: 52,Unnamed: 53,Unnamed: 54,Unnamed: 55,Month 2,Unnamed: 57,Unnamed: 58,Unnamed: 59,Unnamed: 60,Unnamed: 61,Unnamed: 62,Unnamed: 63,Month 3,Unnamed: 65,Unnamed: 66,Unnamed: 67,Unnamed: 68,Unnamed: 69,Unnamed: 70,Unnamed: 71,Month 4,Unnamed: 73,Unnamed: 74,Unnamed: 75,Unnamed: 76,Unnamed: 77,Unnamed: 78,Unnamed: 79,Month 5,Unnamed: 81,Unnamed: 82,Unnamed: 83,Unnamed: 84,Unnamed: 85,Unnamed: 86,Unnamed: 87,Month 6,Unnamed: 89,Unnamed: 90,Unnamed: 91,Unnamed: 92,Unnamed: 93,Unnamed: 94,Unnamed: 95,Month 7,Unnamed: 97,Unnamed: 98,Unnamed: 99,Unnamed: 100,Unnamed: 101,Unnamed: 102,Unnamed: 103,Month 8,Unnamed: 105,Unnamed: 106,Unnamed: 107,Unnamed: 108,Unnamed: 109,Unnamed: 110,Unnamed: 111,Month 9,Unnamed: 113,Unnamed: 114,Unnamed: 115,Unnamed: 116,Unnamed: 117,Unnamed: 118,Unnamed: 119
,,,,,,,,,,,,,,,,,,,,,,,,,,,,,,,,,,,,,,,,Monthly Doses Taken,Cumulative Doses Taken,Monthly Missed Doses,%Adherence,Weight,Height,Smear/TB Lamp,Xpert MTB/RIF,Monthly Doses Taken,Cumulative Doses Taken,Monthly Missed Doses,%Adherence,Weight,Height,Smear/TB Lamp,Xpert MTB/RIF,Monthly Doses Taken,Cumulative Doses Taken,Monthly Missed Doses,%Adherence,Weight,Height,Smear/TB Lamp,Xpert MTB/RIF,Monthly Doses Taken,Cumulative Doses Taken,Monthly Missed Doses,%Adherence,Weight,Height,Smear/TB Lamp,Xpert MTB/RIF,Monthly Doses Taken,Cumulative Doses Taken,Monthly Missed Doses,%Adherence,Weight,Height,Smear/TB Lamp,Xpert MTB/RIF,Monthly Doses Taken,Cumulative Doses Taken,Monthly Missed Doses,%Adherence,Weight,Height,Smear/TB Lamp,Xpert MTB/RIF,Monthly Doses Taken,Cumulative Doses Taken,Monthly Missed Doses,%Adherence,Weight,Height,Smear/TB Lamp,Xpert MTB/RIF,Monthly Doses Taken,Cumulative Doses Taken,Monthly Missed Doses,%Adherence,Weight,Height,Smear/TB Lamp,Xpert MTB/RIF,Monthly Doses Taken,Cumulative Doses Taken,Monthly Missed Doses,%Adherence,Weight,Height,Smear/TB Lamp,Xpert MTB/RIF,Monthly Doses Taken,Cumulative Doses Taken,Monthly Missed Doses,%Adherence,Weight,Height,Smear/TB Lamp,Xpert MTB/RIF
1601109.0,Pacdal Health Center,1990-03-21,26.0,,,N/A ,Extensive PTB w/ Miliary pattern ,,,,,2016-04-21,2016-04-23,TB Disease,CD,New,,,,,,,,,,Pacdal Health Center,1.0,Treatment Completed,2017-03-29,,2016-04-23,,,,,04/31/16,2016-06-22,2016-06-23,2017-03-29,8,8,,,,,,,31,31,,,,,,,30,30,,,,,,,31,31,,,,,,,31,31,,,,,,,31,31,,,,,,,30,30,,,,,,,31,31,,,,,,,30,30,,,,,,,31,31,,,,,,
16011013.0,Pacdal Health Center,2009-12-26,6.0,F,,,Koch's consider Primary Infection,,,,,2016-09-22,2016-09-24,TB Disease ,CD,New,,114 cm,18,,,,,,,Pacdal Health Center,,Treatment Completed,2017-04-22,,2016-09-22,,,,,2016-09-27 00:00:00,2016-11-21,2016-11-22,2017-04-22,4,4,,,18kg,114 cm,,,31,31,,,19,,,,30,30,,,,,,,31,31,,,19.7 kg,,,,31,31,,,,,,,28,28,,,20.2,,,,31,31,,,,,,,22,22,,,,,,,,,,,,,,,,,,,,,,
16011020.0,Pacdal Health Center,1987-05-29,29.0,M,,,Bilateral extensive PTB w/ miliary pattern,,,,,2016-11-19,2016-11-24,TB Disease ,BC,New,,151cm,50.5kg,,,,,,,Pacdal Health Center,1.0,Cured,2017-05-18,,2016-12-02,,,,,2016-12-02 00:00:00,2017-01-26,2017-01-27,2017-05-18,30,30,,50.5kg,151cm,,,,31,31,,,50,,,,28,28,,,51,,,,31,31,,,52.8,,,,30,30,,,57,,,,18,18,,,56.4,,,,,,,,58.5,,,,,,,,,,,,,,,,,,,,,,,,,,,
16011010.0,Pacdal Health Center,1964-01-18,52.0,M,,,"PTB, Left Upper Lobe",,,,,2016-06-11,,TB Disease ,BC,New,,161cm,54.2kg,,,,,,,Pacdal Health Center,1.0,Cured,2016-12-14,,2016-06-30,,,,,2016-06-30 00:00:00,2016-08-24,2017-08-25,2017-12-14,1,1,,,54.2,,,,31,31,,,56.1,,,,31,31,,,55,,,,30,30,,,59.8,,,,31,31,,,58.6,,,,30,30,,,59,,,,14,14,,,,,,,,,,,,,,,,,,,,,,,,,,,,,,
116011021.0,Pacdal Health Center,1977-01-11,39.0,M,,,PTB,,,,,2016-12-01,,TB Disease ,BC,New,,163cm,43kg,,,,,,,Pacdal Health Center,1.0,,,,2016-12-10,,,,,2016-12-10 00:00:00,2017-02-03,2017-02-04,2017-05-26,22,22,,,,,,,31,31,,,,,,,28,28,,,,,,,31,31,,,,,,,30,30,,,,,,,26,26,,,,,,,,,,,,,,,,,,,,,,,,,,,,,,,,,,,,,,
16011016.0,Pacdal Health Center,2012-02-18,4.0,M,,,PPRI,,,,,2016-09-02,,,CD,New,,106cm,16.6kg,,,,,,,Pacdal Health Center,1.0,,2017-03-19,,2016-10-04,,,,,2016-10-04 00:00:00,2016-11-28,2016-11-28,2017-03-19,28,28,,,16.6,,,,31,31,,,18.5,,,,31,31,,,18.5,,,,31,31,,,18.5,,,,31,31,,,18.4,,,,28,28,,,18.8,,,,19,19,,,18.9,,,,,,,,,,,,,,,,,,,,,,,,,,,
16011014.0,Pacdal Health Center,1992-05-21,24.0,M,,,,,,,,2016-10-03,,TB Disease ,CD,New,,166cm,,,,,,,,Pacdal Health Center,1.0,Treatment Completed,2017-09-04,,2016-10-04,,,,,2016-10-03 00:00:00,2016-11-28,2016-11-29,2017-09-04,28,28,,,,,,,30,30,,,,,,,31,31,,,,,,,31,31,,,,,,,28,28,,,,,,,31,31,,,,,,,30,30,,,,,,,31,31,,,,,,,30,30,,,,,,,31,31,,,,,,
16011001.0,Pacdal Health Center,1958-12-18,58.0,M,,,Minimal PTB Upper Lobe,,,,,2016-01-11,,TB Disease ,CD,New,,176cm,73.5kg,,,,,,,Pacdal Health Center,1.0,Treatment Completed,2016-07-11,,2016-01-16,,,,,2016-01-26 00:00:00,2016-03-21,2016-03-22,2016-07-11,6,6,,,73.5kg,,,,29,29,,,71kg,,,,31,31,,,70.5kg,,,,30,30,,,69.8kg,,,,31,31,,,69kg,,,,30,30,,,68.3,,,,11,11,,,66kg,,,,,,,,,,,,,,,,,,,,,,,,,,,
